Parameter,Initial,Month_1,Month_2,Change_%
Germination (%),91.0,85.0,81.0,-10.989010989010989
Vigour Index,3130.0,2924.0,2362.0,-24.536741214057507
Moisture Content (%),6.0,7.0,7.0,16.666666666666664
Pathogen Infestation (%),0.0,3.33,6.66,666.0
Seed Health Index (SHI),82.18,75.04899999999999,65.08200000000001,-20.80554879532733
Aflatoxin Risk Score (ARS),0.0,11.654999999999998,23.309999999999995,0.0
